Sex,Age,SibSp,Parch,Ticket,Fare,Cabin,Embarked
male,22,1,0,A/5 21171,7.25,,S
female,38,1,0,PC 17599,71.2833,C85,C
female,26,0,0,STON/O2. 3101282,7.925,,S
female,35,1,0,113803,53.1,C123,S
male,35,0,0,373450,8.05,,S
male,,0,0,330877,8.4583,,Q
male,54,0,0,17463,51.8625,E46,S
male,2,3,1,349909,21.075,,S
female,27,0,2,347742,11.1333,,S
female,14,1,0,237736,30.0708,,C
female,4,1,1,PP 9549,16.7,G6,S
female,58,0,0,113783,26.55,C103,S
male,20,0,0,A/5. 2151,8.05,,S
male,39,1,5,347082,31.275,,S
female,14,0,0,350406,7.8542,,S
female,55,0,0,248706,16,,S
male,2,4,1,382652,29.125,,Q
male,,0,0,244373,13,,S
female,31,1,0,345763,18,,S
female,,0,0,2649,7.225,,C
male,35,0,0,239865,26,,S
male,34,0,0,248698,13,D56,S
female,15,0,0,330923,8.0292,,Q
male,28,0,0,113788,35.5,A6,S
female,8,3,1,349909,21.075,,S
female,38,1,5,347077,31.3875,,S
male,,0,0,2631,7.225,,C
male,19,3,2,19950,263,C23 C25 C27,S
female,,0,0,330959,7.8792,,Q
male,,0,0,349216,7.8958,,S
male,40,0,0,PC 17601,27.7208,,C
female,,1,0,PC 17569,146.5208,B78,C
female,,0,0,335677,7.75,,Q
male,66,0,0,C.A. 24579,10.5,,S
male,28,1,0,PC 17604,82.1708,,C
male,42,1,0,113789,52,,S
male,,0,0,2677,7.2292,,C
male,21,0,0,A./5. 2152,8.05,,S
female,18,2,0,345764,18,,S
female,14,1,0,2651,11.2417,,C
female,40,1,0,7546,9.475,,S
female,27,1,0,11668,21,,S
male,,0,0,349253,7.8958,,C
female,3,1,2,SC/Paris 2123,41.5792,,C
female,19,0,0,330958,7.8792,,Q
male,,0,0,S.C./A.4. 23567,8.05,,S
male,,1,0,370371,15.5,,Q
female,,0,0,14311,7.75,,Q
male,,2,0,2662,21.6792,,C
female,18,1,0,349237,17.8,,S
male,7,4,1,3101295,39.6875,,S
male,21,0,0,A/4. 39886,7.8,,S
female,49,1,0,PC 17572,76.7292,D33,C
female,29,1,0,2926,26,,S
male,65,0,1,113509,61.9792,B30,C
male,,0,0,19947,35.5,C52,S
female,21,0,0,C.A. 31026,10.5,,S
male,28.5,0,0,2697,7.2292,,C
female,5,1,2,C.A. 34651,27.75,,S
male,11,5,2,CA 2144,46.9,,S
male,22,0,0,2669,7.2292,,C
female,38,0,0,113572,80,B28,
male,45,1,0,36973,83.475,C83,S
male,4,3,2,347088,27.9,,S
male,,0,0,PC 17605,27.7208,,C
male,,1,1,2661,15.2458,,C
female,29,0,0,C.A. 29395,10.5,F33,S
male,19,0,0,S.P. 3464,8.1583,,S
female,17,4,2,3101281,7.925,,S
male,26,2,0,315151,8.6625,,S
male,32,0,0,C.A. 33111,10.5,,S
female,16,5,2,CA 2144,46.9,,S
male,21,0,0,S.O.C. 14879,73.5,,S
male,26,1,0,2680,14.4542,,C
male,32,0,0,1601,56.4958,,S
male,25,0,0,348123,7.65,F G73,S
male,,0,0,349208,7.8958,,S
male,,0,0,374746,8.05,,S
male,0.83,0,2,248738,29,,S
female,30,0,0,364516,12.475,,S
male,22,0,0,345767,9,,S
male,29,0,0,345779,9.5,,S
female,,0,0,330932,7.7875,,Q
male,28,0,0,113059,47.1,,S
female,17,0,0,SO/C 14885,10.5,,S
female,33,3,0,3101278,15.85,,S
male,16,1,3,W./C. 6608,34.375,,S
male,,0,0,SOTON/OQ 392086,8.05,,S
female,23,3,2,19950,263,C23 C25 C27,S
male,24,0,0,343275,8.05,,S
male,29,0,0,343276,8.05,,S
male,20,0,0,347466,7.8542,,S
male,46,1,0,W.E.P. 5734,61.175,E31,S
male,26,1,2,C.A. 2315,20.575,,S
male,59,0,0,364500,7.25,,S
male,,0,0,374910,8.05,,S
male,71,0,0,PC 17754,34.6542,A5,C
male,23,0,1,PC 17759,63.3583,D10 D12,C
female,34,0,1,231919,23,,S
male,34,1,0,244367,26,,S
female,28,0,0,349245,7.8958,,S
male,,0,0,349215,7.8958,,S
male,21,0,1,35281,77.2875,D26,S
male,33,0,0,7540,8.6542,,S
male,37,2,0,3101276,7.925,,S
male,28,0,0,349207,7.8958,,S
female,21,0,0,343120,7.65,,S
male,,0,0,312991,7.775,,S
male,38,0,0,349249,7.8958,,S
female,,1,0,371110,24.15,,Q
male,47,0,0,110465,52,C110,S
female,14.5,1,0,2665,14.4542,,C
male,22,0,0,324669,8.05,,S
female,20,1,0,4136,9.825,,S
female,17,0,0,2627,14.4583,,C
male,21,0,0,STON/O 2. 3101294,7.925,,S
male,70.5,0,0,370369,7.75,,Q
male,29,1,0,11668,21,,S
male,24,0,1,PC 17558,247.5208,B58 B60,C
female,2,4,2,347082,31.275,,S
male,21,2,0,S.O.C. 14879,73.5,,S
male,,0,0,A4. 54510,8.05,,S
male,32.5,1,0,237736,30.0708,,C
female,32.5,0,0,27267,13,E101,S
male,54,0,1,35281,77.2875,D26,S
male,12,1,0,2651,11.2417,,C
male,,0,0,370372,7.75,,Q
male,24,0,0,C 17369,7.1417,,S
female,,1,1,2668,22.3583,F E69,C
male,45,0,0,347061,6.975,,S
male,33,0,0,349241,7.8958,,C
male,20,0,0,SOTON/O.Q. 3101307,7.05,,S
female,47,1,0,A/5. 3337,14.5,,S
female,29,1,0,228414,26,,S
male,25,0,0,C.A. 29178,13,,S
male,23,0,0,SC/PARIS 2133,15.0458,,C
female,19,0,2,11752,26.2833,D47,S
male,37,1,0,113803,53.1,C123,S
male,16,0,0,7534,9.2167,,S
male,24,0,0,PC 17593,79.2,B86,C
female,,0,2,2678,15.2458,,C
female,22,0,0,347081,7.75,,S
female,24,1,0,STON/O2. 3101279,15.85,,S
male,19,0,0,365222,6.75,,Q
male,18,0,0,231945,11.5,,S
male,19,1,1,C.A. 33112,36.75,,S
male,27,0,0,350043,7.7958,,S
female,9,2,2,W./C. 6608,34.375,,S
male,36.5,0,2,230080,26,F2,S
male,42,0,0,244310,13,,S
male,51,0,0,S.O.P. 1166,12.525,,S
female,22,1,0,113776,66.6,C2,S
male,55.5,0,0,A.5. 11206,8.05,,S
male,40.5,0,2,A/5. 851,14.5,,S
male,,0,0,Fa 265302,7.3125,,S
male,51,0,1,PC 17597,61.3792,,C
female,16,0,0,35851,7.7333,,Q
male,30,0,0,SOTON/OQ 392090,8.05,,S
male,,0,0,315037,8.6625,,S
male,,8,2,CA. 2343,69.55,,S
male,44,0,1,371362,16.1,,S
female,40,0,0,C.A. 33595,15.75,,S
male,26,0,0,347068,7.775,,S
male,17,0,0,315093,8.6625,,S
male,1,4,1,3101295,39.6875,,S
male,9,0,2,363291,20.525,,S
female,,0,1,113505,55,E33,S
female,45,1,4,347088,27.9,,S
male,,0,0,PC 17318,25.925,,S
male,28,0,0,1601,56.4958,,S
male,61,0,0,111240,33.5,B19,S
male,4,4,1,382652,29.125,,Q
female,1,1,1,347742,11.1333,,S
male,21,0,0,STON/O 2. 3101280,7.925,,S
male,56,0,0,17764,30.6958,A7,C
male,18,1,1,350404,7.8542,,S
male,,3,1,4133,25.4667,,S
female,50,0,0,PC 17595,28.7125,C49,C
male,30,0,0,250653,13,,S
male,36,0,0,LINE,0,,S
female,,8,2,CA. 2343,69.55,,S
male,,0,0,SC/PARIS 2131,15.05,,C
male,9,4,2,347077,31.3875,,S
male,1,2,1,230136,39,F4,S
female,4,0,2,315153,22.025,,S
male,,0,0,113767,50,A32,S
female,,1,0,370365,15.5,,Q
male,45,0,0,111428,26.55,,S
male,40,1,1,364849,15.5,,Q
male,36,0,0,349247,7.8958,,S
female,32,0,0,234604,13,,S
male,19,0,0,28424,13,,S
female,19,1,0,350046,7.8542,,S
male,3,1,1,230080,26,F2,S
female,44,0,0,PC 17610,27.7208,B4,C
female,58,0,0,PC 17569,146.5208,B80,C
male,,0,0,368703,7.75,,Q
male,42,0,1,4579,8.4042,,S
female,,0,0,370370,7.75,,Q
female,24,0,0,248747,13,,S
male,28,0,0,345770,9.5,,S
male,,8,2,CA. 2343,69.55,,S
male,34,0,0,3101264,6.4958,,S
male,45.5,0,0,2628,7.225,,C
male,18,0,0,A/5 3540,8.05,,S
female,2,0,1,347054,10.4625,G6,S
male,32,1,0,3101278,15.85,,S
male,26,0,0,2699,18.7875,,C
female,16,0,0,367231,7.75,,Q
male,40,0,0,112277,31,A31,C
male,24,0,0,SOTON/O.Q. 3101311,7.05,,S
female,35,0,0,F.C.C. 13528,21,,S
male,22,0,0,A/5 21174,7.25,,S
male,30,0,0,250646,13,,S
male,,1,0,367229,7.75,,Q
female,31,1,0,35273,113.275,D36,C
female,27,0,0,STON/O2. 3101283,7.925,,S
male,42,1,0,243847,27,,S
female,32,0,0,11813,76.2917,D15,C
male,30,0,0,W/C 14208,10.5,,S
male,16,0,0,SOTON/OQ 392089,8.05,,S
male,27,0,0,220367,13,,S
male,51,0,0,21440,8.05,,S
male,,0,0,349234,7.8958,,S
male,38,1,0,19943,90,C93,S
male,22,0,0,PP 4348,9.35,,S
male,19,0,0,SW/PP 751,10.5,,S
male,20.5,0,0,A/5 21173,7.25,,S
male,18,0,0,236171,13,,S
female,,3,1,4133,25.4667,,S
female,35,1,0,36973,83.475,C83,S
male,29,0,0,347067,7.775,,S
male,59,0,0,237442,13.5,,S
female,5,4,2,347077,31.3875,,S
male,24,0,0,C.A. 29566,10.5,,S
female,,0,0,W./C. 6609,7.55,,S
male,44,1,0,26707,26,,S
female,8,0,2,C.A. 31921,26.25,,S
male,19,0,0,28665,10.5,,S
male,33,0,0,SCO/W 1585,12.275,,S
female,,1,0,2665,14.4542,,C
female,,1,0,367230,15.5,,Q
male,29,0,0,W./C. 14263,10.5,,S
male,22,0,0,STON/O 2. 3101275,7.125,,S
male,30,0,0,2694,7.225,,C
male,44,2,0,19928,90,C78,Q
female,25,0,0,347071,7.775,,S
female,24,0,2,250649,14.5,,S
male,37,1,1,11751,52.5542,D35,S
male,54,1,0,244252,26,,S
male,,0,0,362316,7.25,,S
female,29,1,1,347054,10.4625,G6,S
male,62,0,0,113514,26.55,C87,S
male,30,1,0,A/5. 3336,16.1,,S
female,41,0,2,370129,20.2125,,S
female,29,0,2,2650,15.2458,,C
female,,0,0,PC 17585,79.2,,C
female,30,0,0,110152,86.5,B77,S
female,35,0,0,PC 17755,512.3292,,C
female,50,0,1,230433,26,,S
male,,0,0,384461,7.75,,Q
male,3,4,2,347077,31.3875,,S
male,52,1,1,110413,79.65,E67,S
male,40,0,0,112059,0,B94,S
female,,0,0,382649,7.75,,Q
male,36,0,0,C.A. 17248,10.5,,S
male,16,4,1,3101295,39.6875,,S
male,25,1,0,347083,7.775,,S
female,58,0,1,PC 17582,153.4625,C125,S
female,35,0,0,PC 17760,135.6333,C99,S
male,,0,0,113798,31,,S
male,25,0,0,LINE,0,,S
female,41,0,1,250644,19.5,,S
male,37,0,1,PC 17596,29.7,C118,C
female,,0,0,370375,7.75,,Q
female,63,1,0,13502,77.9583,D7,S
female,45,0,0,347073,7.75,,S
male,,0,0,239853,0,,S
male,7,4,1,382652,29.125,,Q
female,35,1,1,C.A. 2673,20.25,,S
male,65,0,0,336439,7.75,,Q
male,28,0,0,347464,7.8542,,S
male,16,0,0,345778,9.5,,S
male,19,0,0,A/5. 10482,8.05,,S
male,,0,0,113056,26,A19,S
male,33,0,0,349239,8.6625,,C
male,30,0,0,345774,9.5,,S
male,22,0,0,349206,7.8958,,S
male,42,0,0,237798,13,,S
female,22,0,0,370373,7.75,,Q
female,26,0,0,19877,78.85,,S
female,19,1,0,11967,91.0792,B49,C
male,36,0,0,SC/Paris 2163,12.875,D,C
female,24,0,0,349236,8.85,,S
male,24,0,0,349233,7.8958,,S
male,,0,0,PC 17612,27.7208,,C
male,23.5,0,0,2693,7.2292,,C
female,2,1,2,113781,151.55,C22 C26,S
male,,0,0,19988,30.5,C106,S
female,50,0,1,PC 17558,247.5208,B58 B60,C
female,,0,0,9234,7.75,,Q
male,,2,0,367226,23.25,,Q
male,19,0,0,LINE,0,,S
female,,0,0,226593,12.35,E101,Q
male,,0,0,A/5 2466,8.05,,S
male,0.92,1,2,113781,151.55,C22 C26,S
female,,0,0,17421,110.8833,,C
female,17,1,0,PC 17758,108.9,C65,C
male,30,1,0,P/PP 3381,24,,C
female,30,0,0,PC 17485,56.9292,E36,C
female,24,0,0,11767,83.1583,C54,C
female,18,2,2,PC 17608,262.375,B57 B59 B63 B66,C
female,26,1,1,250651,26,,S
male,28,0,0,349243,7.8958,,S
male,43,1,1,F.C.C. 13529,26.25,,S
female,26,0,0,347470,7.8542,,S
female,24,1,0,244367,26,,S
male,54,0,0,29011,14,,S
female,31,0,2,36928,164.8667,C7,S
female,40,1,1,16966,134.5,E34,C
male,22,0,0,A/5 21172,7.25,,S
male,27,0,0,349219,7.8958,,S
female,30,0,0,234818,12.35,,Q
female,22,1,1,248738,29,,S
male,,8,2,CA. 2343,69.55,,S
female,36,0,0,PC 17760,135.6333,C32,C
male,61,0,0,345364,6.2375,,S
female,36,0,0,28551,13,D,S
female,31,1,1,363291,20.525,,S
female,16,0,1,111361,57.9792,B18,C
female,,2,0,367226,23.25,,Q
male,45.5,0,0,113043,28.5,C124,S
male,38,0,1,PC 17582,153.4625,C91,S
male,16,2,0,345764,18,,S
female,,1,0,PC 17611,133.65,,S
male,,0,0,349225,7.8958,,S
male,29,1,0,113776,66.6,C2,S
female,41,0,0,16966,134.5,E40,C
male,45,0,0,7598,8.05,,S
male,45,0,0,113784,35.5,T,S
male,2,1,1,230080,26,F2,S
female,24,3,2,19950,263,C23 C25 C27,S
male,28,0,0,248740,13,,S
male,25,0,0,244361,13,,S
male,36,0,0,229236,13,,S
female,24,0,0,248733,13,F33,S
female,40,0,0,31418,13,,S
female,,1,0,386525,16.1,,S
male,3,1,1,C.A. 37671,15.9,,S
male,42,0,0,315088,8.6625,,S
male,23,0,0,7267,9.225,,S
male,,0,0,113510,35,C128,S
male,15,1,1,2695,7.2292,,C
male,25,1,0,349237,17.8,,S
male,,0,0,2647,7.225,,C
male,28,0,0,345783,9.5,,S
female,22,0,1,113505,55,E33,S
female,38,0,0,237671,13,,S
female,,0,0,330931,7.8792,,Q
female,,0,0,330980,7.8792,,Q
male,40,1,4,347088,27.9,,S
male,29,1,0,SC/PARIS 2167,27.7208,,C
female,45,0,1,2691,14.4542,,C
male,35,0,0,SOTON/O.Q. 3101310,7.05,,S
male,,1,0,370365,15.5,,Q
male,30,0,0,C 7076,7.25,,S
female,60,1,0,110813,75.25,D37,C
female,,0,0,2626,7.2292,,C
female,,0,0,14313,7.75,,Q
female,24,0,0,PC 17477,69.3,B35,C
male,25,1,0,11765,55.4417,E50,C
male,18,1,0,3101267,6.4958,,S
male,19,0,0,323951,8.05,,S
male,22,0,0,PC 17760,135.6333,,C
female,3,3,1,349909,21.075,,S
female,,1,0,PC 17604,82.1708,,C
female,22,0,0,C 7077,7.25,,S
male,27,0,2,113503,211.5,C82,C
male,20,0,0,2648,4.0125,,C
male,19,0,0,347069,7.775,,S
female,42,0,0,PC 17757,227.525,,C
female,1,0,2,2653,15.7417,,C
male,32,0,0,STON/O 2. 3101293,7.925,,S
female,35,1,0,113789,52,,S
male,,0,0,349227,7.8958,,S
male,18,0,0,S.O.C. 14879,73.5,,S
male,1,5,2,CA 2144,46.9,,S
female,36,0,0,27849,13,,S
male,,0,0,367655,7.7292,,Q
female,17,0,0,SC 1748,12,,C
male,36,1,2,113760,120,B96 B98,S
male,21,0,0,350034,7.7958,,S
male,28,2,0,3101277,7.925,,S
female,23,1,0,35273,113.275,D36,C
female,24,0,2,PP 9549,16.7,G6,S
male,22,0,0,350052,7.7958,,S
female,31,0,0,350407,7.8542,,S
male,46,0,0,28403,26,,S
male,23,0,0,244278,10.5,,S
female,28,0,0,240929,12.65,,S
male,39,0,0,STON/O 2. 3101289,7.925,,S
male,26,0,0,341826,8.05,,S
female,21,1,0,4137,9.825,,S
male,28,1,0,STON/O2. 3101279,15.85,,S
female,20,0,0,315096,8.6625,,S
male,34,1,0,28664,21,,S
male,51,0,0,347064,7.75,,S
male,3,1,1,29106,18.75,,S
male,21,0,0,312992,7.775,,S
female,,3,1,4133,25.4667,,S
male,,0,0,349222,7.8958,,S
male,,0,0,394140,6.8583,,Q
female,33,1,0,19928,90,C78,Q
male,,0,0,239853,0,,S
male,44,0,0,STON/O 2. 3101269,7.925,,S
female,,0,0,343095,8.05,,S
female,34,1,1,28220,32.5,,S
female,18,0,2,250652,13,,S
male,30,0,0,28228,13,,S
female,10,0,2,345773,24.15,,S
male,,0,0,349254,7.8958,,C
male,21,0,0,A/5. 13032,7.7333,,Q
male,29,0,0,315082,7.875,,S
female,28,1,1,347080,14.4,,S
male,18,1,1,370129,20.2125,,S
male,,0,0,A/4. 34244,7.25,,S
female,28,1,0,2003,26,,S
female,19,0,0,250655,26,,S
male,,0,0,364851,7.75,,Q
male,32,0,0,SOTON/O.Q. 392078,8.05,E10,S
male,28,0,0,110564,26.55,C52,S
female,,1,0,376564,16.1,,S
female,42,1,0,SC/AH 3085,26,,S
male,17,0,0,STON/O 2. 3101274,7.125,,S
male,50,1,0,13507,55.9,E44,S
female,14,1,2,113760,120,B96 B98,S
female,21,2,2,W./C. 6608,34.375,,S
female,24,2,3,29106,18.75,,S
male,64,1,4,19950,263,C23 C25 C27,S
,,,,,,,
,,,,,,,
,,,,,,,
,,,,,,,
,,,,,,,
,,,,,,,
,,,,,,,
,,,,,,,
,,,,,,,
,,,,,,,
,,,,,,,
,,,,,,,
,,,,,,,
,,,,,,,
,,,,,,,
,,,,,,,
,,,,,,,
,,,,,,,
,,,,,,,
,,,,,,,
,,,,,,,
,,,,,,,
,,,,,,,
male,47,0,0,111320,38.5,E63,S
male,48,0,0,234360,13,,S
male,,0,0,A/S 2816,8.05,,S
male,38,0,0,SOTON/O.Q. 3101306,7.05,,S
male,,0,0,239853,0,,S
male,56,0,0,113792,26.55,,S
male,,0,0,36209,7.725,,Q
female,0.75,2,1,2666,19.2583,,C
male,,0,0,323592,7.25,,S
male,38,0,0,315089,8.6625,,S
female,33,1,2,C.A. 34651,27.75,,S
female,23,0,0,SC/AH Basle 541,13.7917,D,C
female,22,0,0,7553,9.8375,,S
male,,0,0,110465,52,A14,S
male,34,1,0,31027,21,,S
male,29,1,0,3460,7.0458,,S
male,22,0,0,350060,7.5208,,S
female,2,0,1,3101298,12.2875,,S
male,9,5,2,CA 2144,46.9,,S
male,,0,0,239854,0,,S
male,50,0,0,A/5 3594,8.05,,S
female,63,0,0,4134,9.5875,,S
male,25,1,0,11967,91.0792,B49,C
female,,3,1,4133,25.4667,,S
female,35,1,0,19943,90,C93,S
male,58,0,0,11771,29.7,B37,C
male,30,0,0,A.5. 18509,8.05,,S
male,9,1,1,C.A. 37671,15.9,,S
male,,1,0,65304,19.9667,,S
male,21,0,0,SOTON/OQ 3101317,7.25,,S
male,55,0,0,113787,30.5,C30,S
male,71,0,0,PC 17609,49.5042,,C
male,21,0,0,A/4 45380,8.05,,S
male,,0,0,2627,14.4583,,C
female,54,1,0,36947,78.2667,D20,C
male,,0,0,C.A. 6212,15.1,,S
female,25,1,2,113781,151.55,C22 C26,S
male,24,0,0,350035,7.7958,,S
male,17,0,0,315086,8.6625,,S
female,21,0,0,364846,7.75,,Q
female,,0,0,330909,7.6292,,Q
female,37,0,0,4135,9.5875,,S
female,16,0,0,110152,86.5,B79,S
male,18,1,0,PC 17758,108.9,C65,C
female,33,0,2,26360,26,,S
male,,0,0,111427,26.55,,S
male,28,0,0,C 4001,22.525,,S
male,26,0,0,1601,56.4958,,S
male,29,0,0,382651,7.75,,Q
male,,0,0,SOTON/OQ 3101316,8.05,,S
male,36,0,0,PC 17473,26.2875,E25,S
female,54,1,0,PC 17603,59.4,,C
male,24,0,0,349209,7.4958,,S
male,47,0,0,36967,34.0208,D46,S
female,34,0,0,C.A. 34260,10.5,F33,S
male,,0,0,371110,24.15,,Q
female,36,1,0,226875,26,,S
male,32,0,0,349242,7.8958,,S
female,30,0,0,12749,93.5,B73,S
male,22,0,0,349252,7.8958,,S
male,,0,0,2624,7.225,,C
female,44,0,1,111361,57.9792,B18,C
male,,0,0,2700,7.2292,,C
male,40.5,0,0,367232,7.75,,Q
female,50,0,0,W./C. 14258,10.5,,S
male,,0,0,PC 17483,221.7792,C95,S
male,39,0,0,3101296,7.925,,S
male,23,2,1,29104,11.5,,S
female,2,1,1,26360,26,,S
male,,0,0,2641,7.2292,,C
male,17,1,1,2690,7.2292,,C
female,,0,2,2668,22.3583,,C
female,30,0,0,315084,8.6625,,S
female,7,0,2,F.C.C. 13529,26.25,,S
male,45,0,0,113050,26.55,B38,S
female,30,0,0,PC 17761,106.425,,C
male,,0,0,364498,14.5,,S
female,22,0,2,13568,49.5,B39,C
female,36,0,2,WE/P 5735,71,B22,S
female,9,4,2,347082,31.275,,S
female,11,4,2,347082,31.275,,S
male,32,1,0,2908,26,,S
male,50,1,0,PC 17761,106.425,C86,C
male,64,0,0,693,26,,S
female,19,1,0,2908,26,,S
male,,0,0,SC/PARIS 2146,13.8625,,C
male,33,1,1,363291,20.525,,S
male,8,1,1,C.A. 33112,36.75,,S
male,17,0,2,17421,110.8833,C70,C
male,27,0,0,244358,26,,S
male,,0,0,330979,7.8292,,Q
male,22,0,0,2620,7.225,,C
female,22,0,0,347085,7.775,,S
male,62,0,0,113807,26.55,,S
female,48,1,0,11755,39.6,A16,C
male,,0,0,PC 17757,227.525,,C
female,39,1,1,110413,79.65,E67,S
female,36,1,0,345572,17.4,,S
male,,0,0,372622,7.75,,Q
male,40,0,0,349251,7.8958,,S
male,28,0,0,218629,13.5,,S
male,,0,0,SOTON/OQ 392082,8.05,,S
female,,0,0,SOTON/O.Q. 392087,8.05,,S
male,24,2,0,A/4 48871,24.15,,S
male,19,0,0,349205,7.8958,,S
female,29,0,4,349909,21.075,,S
male,,0,0,2686,7.2292,,C
male,32,0,0,350417,7.8542,,S
male,62,0,0,S.W./PP 752,10.5,,S
female,53,2,0,11769,51.4792,C101,S
male,36,0,0,PC 17474,26.3875,E25,S
female,,0,0,14312,7.75,,Q
male,16,0,0,A/4. 20589,8.05,,S
male,19,0,0,358585,14.5,,S
female,34,0,0,243880,13,,S
female,39,1,0,13507,55.9,E44,S
female,,1,0,2689,14.4583,,C
male,32,0,0,STON/O 2. 3101286,7.925,,S
female,25,1,1,237789,30,,S
female,39,1,1,17421,110.8833,C68,C
male,54,0,0,28403,26,,S
male,36,0,0,13049,40.125,A10,C
male,,0,0,3411,8.7125,,C
female,18,0,2,110413,79.65,E68,S
male,47,0,0,237565,15,,S
male,60,1,1,13567,79.2,B41,C
male,22,0,0,14973,8.05,,S
male,,0,0,A./5. 3235,8.05,,S
male,35,0,0,STON/O 2. 3101273,7.125,,S
female,52,1,0,36947,78.2667,D20,C
male,47,0,0,A/5 3902,7.25,,S
female,,0,2,364848,7.75,,Q
male,37,1,0,SC/AH 29037,26,,S
male,36,1,1,345773,24.15,,S
female,,0,0,248727,33,,S
male,49,0,0,LINE,0,,S
male,,0,0,2664,7.225,,C
male,49,1,0,PC 17485,56.9292,A20,C
female,24,2,1,243847,27,,S
male,,0,0,349214,7.8958,,S
male,,0,0,113796,42.4,,S
male,44,0,0,364511,8.05,,S
male,35,0,0,111426,26.55,,C
male,36,1,0,349910,15.55,,S
male,30,0,0,349246,7.8958,,S
male,27,0,0,113804,30.5,,S
female,22,1,2,SC/Paris 2123,41.5792,,C
female,40,0,0,PC 17582,153.4625,C125,S
female,39,1,5,347082,31.275,,S
male,,0,0,SOTON/O.Q. 3101305,7.05,,S
female,,1,0,367230,15.5,,Q
male,,0,0,370377,7.75,,Q
male,35,0,0,364512,8.05,,S
female,24,1,2,220845,65,,S
male,34,1,1,347080,14.4,,S
female,26,1,0,A/5. 3336,16.1,,S
female,4,2,1,230136,39,F4,S
male,26,0,0,31028,10.5,,S
male,27,1,0,2659,14.4542,,C
male,42,1,0,11753,52.5542,D19,S
male,20,1,1,2653,15.7417,,C
male,21,0,0,350029,7.8542,,S
male,21,0,0,54636,16.1,,S
male,61,0,0,36963,32.3208,D50,S
male,57,0,0,219533,12.35,,Q
female,21,0,0,13502,77.9583,D9,S
male,26,0,0,349224,7.8958,,S
male,,0,0,334912,7.7333,,Q
male,80,0,0,27042,30,A23,S
male,51,0,0,347743,7.0542,,S
male,32,0,0,13214,30.5,B50,C
male,,0,0,112052,0,,S
female,9,3,2,347088,27.9,,S
female,28,0,0,237668,13,,S
male,32,0,0,STON/O 2. 3101292,7.925,,S
male,31,1,1,C.A. 31921,26.25,,S
female,41,0,5,3101295,39.6875,,S
male,,1,0,376564,16.1,,S
male,20,0,0,350050,7.8542,,S
female,24,0,0,PC 17477,69.3,B35,C
female,2,3,2,347088,27.9,,S
male,,0,0,1601,56.4958,,S
female,0.75,2,1,2666,19.2583,,C
male,48,1,0,PC 17572,76.7292,D33,C
male,19,0,0,349231,7.8958,,S
male,56,0,0,13213,35.5,A26,C
male,,0,0,S.O./P.P. 751,7.55,,S
female,23,0,0,CA. 2314,7.55,,S
male,,0,0,349221,7.8958,,S
female,18,0,1,231919,23,,S
male,21,0,0,8475,8.4333,,S
female,,0,0,330919,7.8292,,Q
female,18,0,0,365226,6.75,,Q
male,24,2,0,S.O.C. 14879,73.5,,S
male,,0,0,349223,7.8958,,S
female,32,1,1,364849,15.5,,Q
male,23,0,0,29751,13,,S
male,58,0,2,35273,113.275,D48,C
male,50,2,0,PC 17611,133.65,,S
male,40,0,0,2623,7.225,,C
male,47,0,0,5727,25.5875,E58,S
male,36,0,0,349210,7.4958,,S
male,20,1,0,STON/O 2. 3101285,7.925,,S
male,32,2,0,S.O.C. 14879,73.5,,S
male,25,0,0,234686,13,,S
male,,0,0,312993,7.775,,S
male,43,0,0,A/5 3536,8.05,,S
female,,1,0,19996,52,C126,S
female,40,1,1,29750,39,,S
male,31,1,0,F.C. 12750,52,B71,S
male,70,0,0,C.A. 24580,10.5,,S
male,31,0,0,244270,13,,S
male,,0,0,239856,0,,S
male,18,0,0,349912,7.775,,S
male,24.5,0,0,342826,8.05,,S
female,18,0,0,4138,9.8417,,S
female,43,1,6,CA 2144,46.9,,S
male,36,0,1,PC 17755,512.3292,B51 B53 B55,C
female,,0,0,330935,8.1375,,Q
male,27,0,0,PC 17572,76.7292,D49,C
male,20,0,0,6563,9.225,,S
male,14,5,2,CA 2144,46.9,,S
male,60,1,1,29750,39,,S
male,25,1,2,SC/Paris 2123,41.5792,,C
male,14,4,1,3101295,39.6875,,S
male,19,0,0,349228,10.1708,,S
male,18,0,0,350036,7.7958,,S
female,15,0,1,24160,211.3375,B5,S
male,31,1,0,17474,57,B20,S
female,4,0,1,349256,13.4167,,C
male,,0,0,1601,56.4958,,S
male,25,0,0,2672,7.225,,C
male,60,0,0,113800,26.55,,S
male,52,0,0,248731,13.5,,S
male,44,0,0,363592,8.05,,S
female,,0,0,35852,7.7333,,Q
male,49,1,1,17421,110.8833,C68,C
male,42,0,0,348121,7.65,F G63,S
female,18,1,0,PC 17757,227.525,C62 C64,C
male,35,0,0,PC 17475,26.2875,E24,S
female,18,0,1,2691,14.4542,,C
male,25,0,0,36864,7.7417,,Q
male,26,1,0,350025,7.8542,,S
male,39,0,0,250655,26,,S
female,45,0,0,223596,13.5,,S
male,42,0,0,PC 17476,26.2875,E24,S
female,22,0,0,113781,151.55,,S
male,,1,1,2661,15.2458,,C
female,24,0,0,PC 17482,49.5042,C90,C
male,,0,0,113028,26.55,C124,S
male,48,1,0,19996,52,C126,S
male,29,0,0,7545,9.4833,,S
male,52,0,0,250647,13,,S
male,19,0,0,348124,7.65,F G73,S
female,38,0,0,PC 17757,227.525,C45,C
female,27,0,0,34218,10.5,E101,S
male,,0,0,36568,15.5,,Q
male,33,0,0,347062,7.775,,S
female,6,0,1,248727,33,,S
male,17,1,0,350048,7.0542,,S
male,34,0,0,12233,13,,S
male,50,0,0,250643,13,,S
male,27,1,0,113806,53.1,E8,S
male,20,0,0,315094,8.6625,,S
female,30,3,0,31027,21,,S
female,,0,0,36866,7.7375,,Q
male,25,1,0,236853,26,,S
female,25,1,0,STON/O2. 3101271,7.925,,S
female,29,0,0,24160,211.3375,B5,S
male,11,0,0,2699,18.7875,,C
male,,0,0,239855,0,,S
male,23,0,0,28425,13,,S
male,23,0,0,233639,13,,S
male,28.5,0,0,54636,16.1,,S
female,48,1,3,W./C. 6608,34.375,,S
male,35,0,0,PC 17755,512.3292,B101,C
male,,0,0,349201,7.8958,,S
male,,0,0,349218,7.8958,,S
male,,0,0,16988,30,D45,S
male,36,1,0,19877,78.85,C46,S
female,21,2,2,PC 17608,262.375,B57 B59 B63 B66,C
male,24,1,0,376566,16.1,,S
male,31,0,0,STON/O 2. 3101288,7.925,,S
male,70,1,1,WE/P 5735,71,B22,S
male,16,1,1,C.A. 2673,20.25,,S
female,30,0,0,250648,13,,S
male,19,1,0,113773,53.1,D30,S
male,31,0,0,335097,7.75,,Q
female,4,1,1,29103,23,,S
male,6,0,1,392096,12.475,E121,S
male,33,0,0,345780,9.5,,S
male,23,0,0,349204,7.8958,,S
female,48,1,2,220845,65,,S
male,0.67,1,1,250649,14.5,,S
male,28,0,0,350042,7.7958,,S
male,18,0,0,29108,11.5,,S
male,34,0,0,363294,8.05,,S
female,33,0,0,110152,86.5,B77,S
male,,0,0,358585,14.5,,S
male,41,0,0,SOTON/O2 3101272,7.125,,S
male,20,0,0,2663,7.2292,,C
female,36,1,2,113760,120,B96 B98,S
male,16,0,0,347074,7.775,,S
female,51,1,0,13502,77.9583,D11,S
male,,0,0,112379,39.6,,C
female,30.5,0,0,364850,7.75,,Q
male,,1,0,371110,24.15,,Q
male,32,0,0,8471,8.3625,,S
male,24,0,0,345781,9.5,,S
male,48,0,0,350047,7.8542,,S
female,57,0,0,S.O./P.P. 3,10.5,E77,S
male,,0,0,2674,7.225,,C
female,54,1,3,29105,23,,S
male,18,0,0,347078,7.75,,S
male,,0,0,383121,7.75,F38,Q
female,5,0,0,364516,12.475,,S
male,,0,0,36865,7.7375,,Q
female,43,0,1,24160,211.3375,B3,S
female,13,0,0,2687,7.2292,,C
female,17,1,0,17474,57,B20,S
male,29,0,0,113501,30,D6,S
male,,1,2,W./C. 6607,23.45,,S
male,25,0,0,SOTON/O.Q. 3101312,7.05,,S
male,25,0,0,374887,7.25,,S
female,18,0,0,3101265,7.4958,,S
male,8,4,1,382652,29.125,,Q
male,1,1,2,C.A. 2315,20.575,,S
male,46,0,0,PC 17593,79.2,B82 B84,C
male,,0,0,12460,7.75,,Q
male,16,0,0,239865,26,,S
female,,8,2,CA. 2343,69.55,,S
male,,0,0,PC 17600,30.6958,,C
male,25,0,0,349203,7.8958,,S
male,39,0,0,28213,13,,S
female,49,0,0,17465,25.9292,D17,S
female,31,0,0,349244,8.6833,,S
male,30,0,0,2685,7.2292,,C
female,30,1,1,345773,24.15,,S
male,34,0,0,250647,13,,S
female,31,1,1,C.A. 31921,26.25,,S
male,11,1,2,113760,120,B96 B98,S
male,0.42,0,1,2625,8.5167,,C
male,27,0,0,347089,6.975,,S
male,31,0,0,347063,7.775,,S
male,39,0,0,112050,0,A36,S
female,18,0,0,347087,7.775,,S
male,39,0,0,248723,13,,S
female,33,1,0,113806,53.1,E8,S
male,26,0,0,3474,7.8875,,S
male,39,0,0,A/4 48871,24.15,,S
male,35,0,0,28206,10.5,,S
female,6,4,2,347082,31.275,,S
male,30.5,0,0,364499,8.05,,S
male,,0,0,112058,0,B102,S
female,23,0,0,STON/O2. 3101290,7.925,,S
male,31,1,1,S.C./PARIS 2079,37.0042,,C
male,43,0,0,C 7075,6.45,,S
male,10,3,2,347088,27.9,,S
female,52,1,1,12749,93.5,B69,S
male,27,0,0,315098,8.6625,,S
male,38,0,0,19972,0,,S
female,27,0,1,392096,12.475,E121,S
male,2,4,1,3101295,39.6875,,S
male,,0,0,368323,6.95,,Q
male,,0,0,1601,56.4958,,S
male,1,0,2,S.C./PARIS 2079,37.0042,,C
male,,0,0,367228,7.75,,Q
female,62,0,0,113572,80,B28,
female,15,1,0,2659,14.4542,,C
male,0.83,1,1,29106,18.75,,S
male,,0,0,2671,7.2292,,C
male,23,0,0,347468,7.8542,,S
male,18,0,0,2223,8.3,,S
female,39,1,1,PC 17756,83.1583,E49,C
male,21,0,0,315097,8.6625,,S
male,,0,0,392092,8.05,,S
male,32,0,0,1601,56.4958,,S
male,,0,0,11774,29.7,C47,C
male,20,0,0,SOTON/O2 3101287,7.925,,S
male,16,0,0,S.O./P.P. 3,10.5,,S
female,30,0,0,113798,31,,C
male,34.5,0,0,2683,6.4375,,C
male,17,0,0,315090,8.6625,,S
male,42,0,0,C.A. 5547,7.55,,S
male,,8,2,CA. 2343,69.55,,S
male,35,0,0,349213,7.8958,,C
male,28,0,1,248727,33,,S
female,,1,0,17453,89.1042,C92,C
male,4,4,2,347082,31.275,,S
male,74,0,0,347060,7.775,,S
female,9,1,1,2678,15.2458,,C
female,16,0,1,PC 17592,39.4,D28,S
female,44,1,0,244252,26,,S
female,18,0,1,392091,9.35,,S
female,45,1,1,36928,164.8667,,S
male,51,0,0,113055,26.55,E17,S
female,24,0,3,2666,19.2583,,C
male,,0,0,2629,7.2292,,C
male,41,2,0,350026,14.1083,,S
male,21,1,0,28134,11.5,,S
female,48,0,0,17466,25.9292,D17,S
female,,8,2,CA. 2343,69.55,,S
male,24,0,0,233866,13,,S
female,42,0,0,236852,13,,S
female,27,1,0,SC/PARIS 2149,13.8583,,C
male,31,0,0,PC 17590,50.4958,A24,S
male,,0,0,345777,9.5,,S
male,4,1,1,347742,11.1333,,S
male,26,0,0,349248,7.8958,,S
female,47,1,1,11751,52.5542,D35,S
male,33,0,0,695,5,B51 B53 B55,S
male,47,0,0,345765,9,,S
female,28,1,0,P/PP 3381,24,,C
female,15,0,0,2667,7.225,,C
male,20,0,0,7534,9.8458,,S
male,19,0,0,349212,7.8958,,S
male,,0,0,349217,7.8958,,S
female,56,0,1,11767,83.1583,C50,C
female,25,0,1,230433,26,,S
male,33,0,0,349257,7.8958,,S
female,22,0,0,7552,10.5167,,S
male,28,0,0,C.A./SOTON 34068,10.5,,S
male,25,0,0,SOTON/OQ 392076,7.05,,S
female,39,0,5,382652,29.125,,Q
male,27,0,0,211536,13,,S
female,19,0,0,112053,30,B42,S
female,,1,2,W./C. 6607,23.45,,S
male,26,0,0,111369,30,C148,C
male,32,0,0,370376,7.75,,Q